article_id,title,depth,global_indegree,local_indegree,local_outdegree,pagerank,betweenness,community,is_seed,total_views_12m,avg_daily_views,median_daily_views,max_daily_views,days_returned
1164,Artificial intelligence,0,,72,74,0.0297251769898966,0.1072457508429594,1,True,4007026,10978.15,10887.0,47069,365
233488,Machine learning,1,4508.0,69,63,0.023855631145499,0.0470541333045564,1,False,838266,2296.62,2103.0,22017,365
6596,Computer vision,1,2036.0,57,58,0.0191877296532179,0.0476448993084941,1,False,131982,361.59,356.0,753,365
16920,Knowledge representation and reasoning,1,908.0,58,56,0.0189954779214651,0.024300942822196,1,False,35295,96.7,96.0,194,365
66294,Reinforcement learning,1,1109.0,52,60,0.0166533463214487,0.0343918623324151,1,False,290259,795.23,784.0,2251,365
21652,Natural language processing,1,1664.0,53,43,0.0161768741756491,0.0267371452511419,0,False,425813,1166.61,790.0,4114,365
1654769,Artificial intelligence in video games,1,1439.0,44,56,0.0153043048598445,0.0993693651938633,2,False,65502,179.46,178.0,387,365
586357,Artificial general intelligence,1,841.0,49,53,0.0152700666386258,0.0120321208125112,0,False,654168,1792.24,1710.0,7174,365
61603971,Transformer (deep learning),1,1350.0,52,54,0.0144977094115299,0.0082720981391834,0,False,394121,1331.49,1337.0,2660,296
73291755,Generative AI,1,1510.0,48,45,0.0128502885528179,0.0088387360656601,0,False,247906,679.19,169.0,2305,365
1467948,Problem solving,1,1246.0,12,13,0.0087478875150291,0.0093465646518875,1,False,135240,370.52,359.0,877,365
21523,Neural network (machine learning),2,2020.0,55,51,0.0173659786702117,0.018924966157014,1,False,397246,1088.35,1076.0,1793,365
1505641,Automated planning and scheduling,2,667.0,55,47,0.0172554195897063,0.0072506703553879,0,False,18233,49.95,48.0,171,365
5323,Computer science,2,9772.0,31,28,0.0171792670984233,0.0280566238534173,1,False,475005,1301.38,1279.0,3060,365
14205,Herbert A. Simon,2,2214.0,48,49,0.0170448034233216,0.0196090548841487,1,False,117031,320.63,304.0,1128,365
32472154,Deep learning,2,1450.0,57,53,0.0160664232501499,0.0133324037407657,0,False,336471,921.84,918.0,1572,365
2546,Automated theorem proving,2,967.0,47,44,0.0156414568532095,0.0070989173887224,0,False,32248,88.35,88.0,147,365
73248112,Large language model,2,1236.0,54,60,0.0150692098309947,0.0212664188809422,0,False,1207397,3307.94,3376.0,7810,365
507174,Geoffrey Hinton,2,1019.0,45,47,0.014998140714493,0.0049421226151038,0,False,807756,2213.03,1936.0,6059,365
29468,Speech recognition,2,1408.0,53,55,0.0148508168651556,0.0148934605443851,0,False,71738,196.54,186.0,2253,365
2711317,Intelligent agent,2,628.0,51,48,0.0148156576794035,0.0093229376976105,0,False,95229,260.9,247.0,517,365
10136,Expert system,2,592.0,44,44,0.0145711161031995,0.0055475532070439,0,False,81399,223.01,221.0,443,365
2884728,Automated reasoning,2,482.0,44,45,0.0144512057922944,0.006594232776637,0,False,19087,52.29,51.0,165,365
10711453,Long short-term memory,2,610.0,52,46,0.0143461350517175,0.0043388121724334,0,False,173398,475.06,464.0,839,365
31103500,Reasoning system,2,345.0,42,49,0.0140714445019559,0.0061765961342036,0,False,4915,13.47,12.0,48,365
73291899,AI boom,2,1165.0,50,50,0.01406012232067,0.003973868252092,0,False,413014,1131.55,1049.0,2915,365
69071767,Prompt engineering,2,575.0,50,54,0.0138720383131245,0.0074034505505537,0,False,198851,544.8,529.0,1236,365
43561218,Word embedding,2,568.0,50,53,0.0137723944201027,0.0069179799852929,0,False,78075,213.9,216.0,345,365
50785023,AI alignment,2,811.0,48,50,0.0137098417567854,0.0035677658287009,0,False,119352,326.99,319.0,1173,365
726659,Superintelligence,2,552.0,49,13,0.0135739155990112,0.001957555933797,0,False,126370,346.22,330.0,979,365
66170649,Neuro-symbolic AI,2,518.0,49,59,0.0134547724898845,0.0088329486913399,1,False,89027,243.91,242.0,486,365
15893057,Applications of artificial intelligence,2,497.0,49,56,0.0133416702604754,0.0125472053507479,0,False,92207,252.62,234.0,575,365
2894560,History of artificial intelligence,2,441.0,48,58,0.0132412686391564,0.0097762239929685,0,False,636582,1744.06,1643.0,6327,365
602401,Facial recognition system,2,1165.0,43,46,0.013159680255612,0.0078559194637692,0,False,109396,299.72,268.0,5156,365
17927,Logic programming,2,706.0,43,8,0.0131316704161627,0.0006555401827779,0,False,47213,129.35,125.0,242,365
763951,Simultaneous localization and mapping,2,518.0,7,7,0.0129469035891587,0.0139225223009348,1,False,81013,221.95,223.0,457,365
42253,Data mining,2,1607.0,44,27,0.0129418576117985,0.0079529380305848,1,False,108314,296.75,282.0,684,365
813176,AI takeover,2,664.0,44,46,0.0129125920620108,0.0021899255286911,0,False,135530,371.32,355.0,911,365
1706303,Recurrent neural network,2,578.0,46,48,0.012909722688637,0.0040787158824712,0,False,179467,491.69,492.0,975,365
287300,Allen Newell,2,898.0,44,5,0.012758404826128,0.0013066681924152,0,False,23863,65.38,60.0,423,365
339417,Symbolic artificial intelligence,2,414.0,47,54,0.0127210653018176,0.0063913730991073,0,False,79726,218.43,217.0,479,365
239497,Knowledge base,2,620.0,42,46,0.0126280000489175,0.0040607198556961,0,False,38357,105.09,107.0,494,365
60639760,AI art,2,973.0,46,50,0.0125238738389668,0.003195937774794,0,False,80558,220.71,123.0,3591,365
68212199,Vision transformer,2,534.0,45,49,0.012492422774467,0.0034954907991219,0,False,72656,199.06,195.0,362,365
73200355,Reinforcement learning from human feedback,2,566.0,44,46,0.0123047162182276,0.0013408345098767,0,False,138312,378.94,382.0,849,365
67902375,Self-supervised learning,2,556.0,44,46,0.0123047162182276,0.0018487953920217,0,False,54092,148.2,141.0,273,365
1281850,Q-learning,2,468.0,43,44,0.0120564618292667,0.0009325076296096,0,False,99943,273.82,272.0,475,365
1377612,Knowledge-based systems,2,371.0,42,12,0.0119423329545776,0.0020483119809567,0,False,13019,35.67,35.0,63,365
19980,Machine translation,2,870.0,40,23,0.0112244249495561,0.0076493204975382,0,False,57978,158.84,146.0,623,365
52033,Mathematical optimization,2,1693.0,24,6,0.011157923008156,0.0033952222554958,1,False,112561,308.39,301.0,513,365
2958015,Philosophy of artificial intelligence,2,464.0,32,30,0.0103544766121317,0.0055723839340277,1,False,46084,126.26,125.0,312,365
85631,Augmented reality,2,2304.0,20,1,0.0092882516403463,0.0006058702566108,1,False,214437,587.5,558.0,4200,365
43476,Operations research,2,2080.0,18,11,0.0092304211072248,0.00609628400559,1,False,116979,320.49,313.0,804,365
41755648,Google DeepMind,2,1254.0,30,41,0.009190654256305,0.0046835996180451,0,False,471632,1292.14,1257.0,2594,365
46583121,Existential risk from artificial intelligence,2,588.0,28,27,0.0087091995001482,0.0007599070001186,0,False,192838,528.32,512.0,1451,365
660850,Visualization (graphics),2,1009.0,15,16,0.007710410614381,0.0035013422442662,1,False,17877,48.98,47.0,95,365
265752,Decision-making,2,1504.0,13,6,0.0076661990583365,0.0018195301369397,1,False,154814,424.15,428.0,1252,365
43444,Simulation,2,1205.0,10,7,0.0076393119826866,0.005062990848223,1,False,69287,189.83,185.0,446,365
148349,Chatbot,2,879.0,23,34,0.0071680043943788,0.0031110728110424,0,False,277855,761.25,747.0,1439,365
356777,Role-playing video game,2,3971.0,7,7,0.0070771094317974,0.0038107652509556,2,False,261849,717.39,692.0,3175,365
5561,Computational linguistics,2,852.0,20,23,0.0070136900423101,0.0054225823512882,1,False,46559,127.56,125.0,208,365
25395149,First-person shooter,2,2895.0,7,6,0.0069613762950492,0.0030021869868145,2,False,226714,621.13,615.0,1406,365
18567210,Computer graphics,2,2003.0,15,8,0.0067895450699712,0.0056446284939383,1,False,91278,250.08,241.0,1211,365
62026514,BERT (language model),2,787.0,22,56,0.0067468404430835,0.0045821765242057,0,False,202564,554.97,556.0,1036,365
519280,Intelligence,2,1902.0,13,11,0.0067100216385553,0.0060788394022002,1,False,182442,499.84,498.0,782,365
63452,Heuristic,2,751.0,8,9,0.006699153260405,0.0038497224003889,1,False,262454,719.05,711.0,1922,365
42799,Speech synthesis,2,1114.0,20,37,0.0066769620887325,0.0029725547205609,0,False,146797,402.18,386.0,2037,365
29077530,Non-player character,2,2556.0,7,5,0.0065677630465956,0.0046302515571483,2,False,127711,349.89,335.0,3368,365
350680,Multiplayer video game,2,13452.0,6,6,0.0065535005613473,0.0012974803837183,2,False,114227,312.95,311.0,1920,365
126706,Pattern recognition,2,625.0,14,17,0.0065047165220131,0.0026814625546679,1,False,61646,168.89,168.0,658,365
77251,Real-time strategy game,2,1770.0,6,5,0.0063946867664681,5.719514985129261e-05,2,False,30451,83.43,20.0,305,365
67065,Word-sense disambiguation,2,227.0,19,18,0.0063887134913104,0.0017243753094885,0,False,13388,36.68,36.0,94,365
301999,Natural language generation,2,266.0,19,18,0.0063522223010345,0.0021355863650716,0,False,17265,47.3,45.0,164,365
6435232,Sentiment analysis,2,371.0,20,21,0.0062933815106731,0.0019967950416533,0,False,58870,161.29,154.0,1719,365
23485,Prolog,2,910.0,11,10,0.0061977201036399,0.0006111735549515,0,False,125621,344.17,331.0,1512,365
49681,Ontology (information science),2,777.0,12,9,0.0060440677049648,0.0010689704763231,0,False,124158,340.16,353.0,813,365
323392,Theoretical computer science,2,797.0,12,18,0.0059430952141463,0.0026414845474734,1,False,74470,204.03,202.0,336,365
318439,Text mining,2,427.0,16,18,0.0057702760359354,0.0010436111081299,0,False,18647,51.09,50.0,112,365
26757970,Adventure game,2,3896.0,5,7,0.0056755251578427,0.0032713286364808,2,False,160092,438.61,383.0,6596,365
5626,Cognitive science,2,2020.0,13,26,0.0056444384676594,0.0032921893074762,1,False,129120,353.75,347.0,1061,365
54245,Technological singularity,2,816.0,13,15,0.0056234113712546,0.0004982520717583,0,False,474781,1300.77,1195.0,4480,365
72970020,Generative pre-trained transformer,2,825.0,14,57,0.0048073876244266,0.001778835193219,0,False,1000498,2741.09,2834.0,6171,365
938833,Multi-agent system,2,611.0,9,9,0.0046316309633999,0.0008422154830289,1,False,65649,179.86,170.0,850,365
15201,Interdisciplinarity,2,1970.0,7,2,0.0044052565556029,0.0001694068312402,1,False,57156,156.59,152.0,268,365
552840,Photogrammetry,2,779.0,3,2,0.0043229727822194,0.0002100333002872,1,False,81127,222.27,219.0,445,365
170581,Game engine,2,7627.0,4,4,0.0040534662041602,0.0019693064604305,2,False,177095,485.19,478.0,1577,365
276872,Critical thinking,2,1535.0,4,3,0.0039689561535262,0.000161070038176,1,False,215050,589.18,574.0,1366,365
56098,Monte Carlo method,2,830.0,4,6,0.0037719960488931,0.0009380066800622,1,False,521467,1428.68,1419.0,2296,365
40528449,Monte Carlo tree search,2,461.0,8,10,0.0037210747725255,0.0032519311020956,1,False,100668,275.8,281.0,440,365
60876,Markov chain,2,786.0,7,5,0.0036394022745289,0.0016277180048829,1,False,484782,1328.17,1298.0,2428,365
75477752,Attention Is All You Need,2,608.0,10,17,0.0035409947284783,0.0001099389265484,0,False,587013,1608.25,1562.0,10669,365
30873116,3D modeling,2,881.0,4,3,0.0031440019414571,0.0004200100320755,1,False,96364,264.01,249.0,2060,365
172088,Machine vision,2,243.0,5,12,0.0030129241258995,0.0001452650866276,1,False,26394,72.31,69.0,449,365
311632,Video game programmer,2,7825.0,2,5,0.0026729167365894,0.000143151773773,2,False,40942,112.17,110.0,381,365
48198256,Emotion recognition,2,413.0,4,29,0.0025875123974017,0.0003751798976589,1,False,9693,26.56,25.0,94,365
